"TIME","GEO","UNIT","NA_ITEM","Value"
"2006","EU28","Current prices, million euro","Gross domestic product at market prices","12 255 377.8"
"2006","EU15","Current prices, million euro","Gross domestic product at market prices","11 446 199.9"
"2006","EA","Current prices, million euro","Gross domestic product at market prices","8 750 510.4"
"2006","EA19","Current prices, million euro","Gross domestic product at market prices","8 904 116.6"
"2006","EA12","Current prices, million euro","Gross domestic product at market prices","8 750 510.4"
"2006","BE","Current prices, million euro","Gross domestic product at market prices","326 662.0"
"2006","BG","Current prices, million euro","Gross domestic product at market prices","27 210.9"
"2006","CZ","Current prices, million euro","Gross domestic product at market prices","123 743.2"
"2006","DK","Current prices, million euro","Gross domestic product at market prices","225 592.0"
"2006","DE","Current prices, million euro","Gross domestic product at market prices","2 393 250.0"
"2006","EE","Current prices, million euro","Gross domestic product at market prices","13 521.7"
"2006","IE","Current prices, million euro","Gross domestic product at market prices","185 060.7"
"2006","EL","Current prices, million euro","Gross domestic product at market prices","217 861.6"
"2006","ES","Current prices, million euro","Gross domestic product at market prices","1 007 974.0"
"2006","FR","Current prices, million euro","Gross domestic product at market prices","1 853 267.0"
"2006","HR","Current prices, million euro","Gross domestic product at market prices","40 197.8"
"2006","IT","Current prices, million euro","Gross domestic product at market prices","1 548 473.4"
"2006","CY","Current prices, million euro","Gross domestic product at market prices","16 263.8"
"2006","LV","Current prices, million euro","Gross domestic product at market prices","17 264.1"
"2006","LT","Current prices, million euro","Gross domestic product at market prices","24 079.2"
"2006","LU","Current prices, million euro","Gross domestic product at market prices","33 409.3"
"2006","HU","Current prices, million euro","Gross domestic product at market prices","91 398.7"
"2006","MT","Current prices, million euro","Gross domestic product at market prices","5 386.1"
"2006","NL","Current prices, million euro","Gross domestic product at market prices","579 212.0"
"2006","AT","Current prices, million euro","Gross domestic product at market prices","266 478.0"
"2006","PL","Current prices, million euro","Gross domestic product at market prices","274 602.5"
"2006","PT","Current prices, million euro","Gross domestic product at market prices","166 248.7"
"2006","RO","Current prices, million euro","Gross domestic product at market prices","98 418.6"
"2006","SI","Current prices, million euro","Gross domestic product at market prices","31 561.2"
"2006","SK","Current prices, million euro","Gross domestic product at market prices","45 530.2"
"2006","FI","Current prices, million euro","Gross domestic product at market prices","172 614.0"
"2006","SE","Current prices, million euro","Gross domestic product at market prices","334 876.5"
"2006","UK","Current prices, million euro","Gross domestic product at market prices","2 135 220.7"
"2006","IS","Current prices, million euro","Gross domestic product at market prices","13 629.2"
"2006","NO","Current prices, million euro","Gross domestic product at market prices","275 289.8"
"2006","CH","Current prices, million euro","Gross domestic product at market prices","342 123.1"
"2006","ME","Current prices, million euro","Gross domestic product at market prices",":"
"2006","MK","Current prices, million euro","Gross domestic product at market prices","5 472.2"
"2006","AL","Current prices, million euro","Gross domestic product at market prices",":"
"2006","RS","Current prices, million euro","Gross domestic product at market prices","24 434.6"
"2006","XK","Current prices, million euro","Gross domestic product at market prices",":"
"2007","EU28","Current prices, million euro","Gross domestic product at market prices","12 983 365.7"
"2007","EU15","Current prices, million euro","Gross domestic product at market prices","12 045 308.0"
"2007","EA","Current prices, million euro","Gross domestic product at market prices","9 253 555.8"
"2007","EA19","Current prices, million euro","Gross domestic product at market prices","9 401 112.3"
"2007","EA12","Current prices, million euro","Gross domestic product at market prices","9 218 403.2"
"2007","BE","Current prices, million euro","Gross domestic product at market prices","344 713.0"
"2007","BG","Current prices, million euro","Gross domestic product at market prices","32 449.1"
"2007","CZ","Current prices, million euro","Gross domestic product at market prices","138 004.0"
"2007","DK","Current prices, million euro","Gross domestic product at market prices","233 439.5"
"2007","DE","Current prices, million euro","Gross domestic product at market prices","2 513 230.0"
"2007","EE","Current prices, million euro","Gross domestic product at market prices","16 246.4"
"2007","IE","Current prices, million euro","Gross domestic product at market prices","197 293.4"
"2007","EL","Current prices, million euro","Gross domestic product at market prices","232 694.6"
"2007","ES","Current prices, million euro","Gross domestic product at market prices","1 080 807.0"
"2007","FR","Current prices, million euro","Gross domestic product at market prices","1 945 670.0"
"2007","HR","Current prices, million euro","Gross domestic product at market prices","43 925.8"
"2007","IT","Current prices, million euro","Gross domestic product at market prices","1 609 550.8"
"2007","CY","Current prices, million euro","Gross domestic product at market prices","17 591.0"
"2007","LV","Current prices, million euro","Gross domestic product at market prices","22 679.3"
"2007","LT","Current prices, million euro","Gross domestic product at market prices","29 040.7"
"2007","LU","Current prices, million euro","Gross domestic product at market prices","36 766.1"
"2007","HU","Current prices, million euro","Gross domestic product at market prices","101 692.4"
"2007","MT","Current prices, million euro","Gross domestic product at market prices","5 757.5"
"2007","NL","Current prices, million euro","Gross domestic product at market prices","613 280.0"
"2007","AT","Current prices, million euro","Gross domestic product at market prices","282 346.9"
"2007","PL","Current prices, million euro","Gross domestic product at market prices","313 874.0"
"2007","PT","Current prices, million euro","Gross domestic product at market prices","175 467.7"
"2007","RO","Current prices, million euro","Gross domestic product at market prices","125 403.4"
"2007","SI","Current prices, million euro","Gross domestic product at market prices","35 152.6"
"2007","SK","Current prices, million euro","Gross domestic product at market prices","56 241.6"
"2007","FI","Current prices, million euro","Gross domestic product at market prices","186 584.0"
"2007","SE","Current prices, million euro","Gross domestic product at market prices","356 434.3"
"2007","UK","Current prices, million euro","Gross domestic product at market prices","2 237 031.3"
"2007","IS","Current prices, million euro","Gross domestic product at market prices","15 566.0"
"2007","NO","Current prices, million euro","Gross domestic product at market prices","293 128.0"
"2007","CH","Current prices, million euro","Gross domestic product at market prices","348 864.9"
"2007","ME","Current prices, million euro","Gross domestic product at market prices",":"
"2007","MK","Current prices, million euro","Gross domestic product at market prices","6 094.5"
"2007","AL","Current prices, million euro","Gross domestic product at market prices",":"
"2007","RS","Current prices, million euro","Gross domestic product at market prices","29 451.6"
"2007","XK","Current prices, million euro","Gross domestic product at market prices",":"
"2008","EU28","Current prices, million euro","Gross domestic product at market prices","13 054 034.6"
"2008","EU15","Current prices, million euro","Gross domestic product at market prices","11 988 870.3"
"2008","EA","Current prices, million euro","Gross domestic product at market prices","9 494 101.8"
"2008","EA19","Current prices, million euro","Gross domestic product at market prices","9 633 672.9"
"2008","EA12","Current prices, million euro","Gross domestic product at market prices","9 431 015.9"
"2008","BE","Current prices, million euro","Gross domestic product at market prices","354 066.0"
"2008","BG","Current prices, million euro","Gross domestic product at market prices","37 200.1"
"2008","CZ","Current prices, million euro","Gross domestic product at market prices","160 961.5"
"2008","DK","Current prices, million euro","Gross domestic product at market prices","241 087.3"
"2008","DE","Current prices, million euro","Gross domestic product at market prices","2 561 740.0"
"2008","EE","Current prices, million euro","Gross domestic product at market prices","16 517.3"
"2008","IE","Current prices, million euro","Gross domestic product at market prices","187 687.2"
"2008","EL","Current prices, million euro","Gross domestic product at market prices","241 990.4"
"2008","ES","Current prices, million euro","Gross domestic product at market prices","1 116 207.0"
"2008","FR","Current prices, million euro","Gross domestic product at market prices","1 995 850.0"
"2008","HR","Current prices, million euro","Gross domestic product at market prices","48 129.8"
"2008","IT","Current prices, million euro","Gross domestic product at market prices","1 632 150.8"
"2008","CY","Current prices, million euro","Gross domestic product at market prices","19 006.0"
"2008","LV","Current prices, million euro","Gross domestic product at market prices","24 354.8"
"2008","LT","Current prices, million euro","Gross domestic product at market prices","32 696.3"
"2008","LU","Current prices, million euro","Gross domestic product at market prices","37 647.4"
"2008","HU","Current prices, million euro","Gross domestic product at market prices","107 637.3"
"2008","MT","Current prices, million euro","Gross domestic product at market prices","6 128.7"
"2008","NL","Current prices, million euro","Gross domestic product at market prices","639 163.0"
"2008","AT","Current prices, million euro","Gross domestic product at market prices","291 930.4"
"2008","PL","Current prices, million euro","Gross domestic product at market prices","366 182.3"
"2008","PT","Current prices, million euro","Gross domestic product at market prices","178 872.6"
"2008","RO","Current prices, million euro","Gross domestic product at market prices","142 396.3"
"2008","SI","Current prices, million euro","Gross domestic product at market prices","37 951.2"
"2008","SK","Current prices, million euro","Gross domestic product at market prices","66 002.8"
"2008","FI","Current prices, million euro","Gross domestic product at market prices","193 711.0"
"2008","SE","Current prices, million euro","Gross domestic product at market prices","352 317.1"
"2008","UK","Current prices, million euro","Gross domestic product at market prices","1 964 449.7"
"2008","IS","Current prices, million euro","Gross domestic product at market prices","10 786.6"
"2008","NO","Current prices, million euro","Gross domestic product at market prices","316 813.6"
"2008","CH","Current prices, million euro","Gross domestic product at market prices","376 326.4"
"2008","ME","Current prices, million euro","Gross domestic product at market prices",":"
"2008","MK","Current prices, million euro","Gross domestic product at market prices","6 772.1"
"2008","AL","Current prices, million euro","Gross domestic product at market prices",":"
"2008","RS","Current prices, million euro","Gross domestic product at market prices","33 704.5"
"2008","XK","Current prices, million euro","Gross domestic product at market prices","3 882.8"
"2009","EU28","Current prices, million euro","Gross domestic product at market prices","12 295 948.4"
"2009","EU15","Current prices, million euro","Gross domestic product at market prices","11 349 050.4"
"2009","EA","Current prices, million euro","Gross domestic product at market prices","9 228 703.8"
"2009","EA19","Current prices, million euro","Gross domestic product at market prices","9 288 533.8"
"2009","EA12","Current prices, million euro","Gross domestic product at market prices","9 103 702.4"
"2009","BE","Current prices, million euro","Gross domestic product at market prices","348 781.0"
"2009","BG","Current prices, million euro","Gross domestic product at market prices","37 317.7"
"2009","CZ","Current prices, million euro","Gross domestic product at market prices","148 357.4"
"2009","DK","Current prices, million euro","Gross domestic product at market prices","230 213.3"
"2009","DE","Current prices, million euro","Gross domestic product at market prices","2 460 280.0"
"2009","EE","Current prices, million euro","Gross domestic product at market prices","14 145.9"
"2009","IE","Current prices, million euro","Gross domestic product at market prices","169 704.3"
"2009","EL","Current prices, million euro","Gross domestic product at market prices","237 534.2"
"2009","ES","Current prices, million euro","Gross domestic product at market prices","1 079 034.0"
"2009","FR","Current prices, million euro","Gross domestic product at market prices","1 939 017.0"
"2009","HR","Current prices, million euro","Gross domestic product at market prices","45 090.7"
"2009","IT","Current prices, million euro","Gross domestic product at market prices","1 572 878.3"
"2009","CY","Current prices, million euro","Gross domestic product at market prices","18 673.5"
"2009","LV","Current prices, million euro","Gross domestic product at market prices","18 749.3"
"2009","LT","Current prices, million euro","Gross domestic product at market prices","26 934.8"
"2009","LU","Current prices, million euro","Gross domestic product at market prices","36 268.2"
"2009","HU","Current prices, million euro","Gross domestic product at market prices","93 808.8"
"2009","MT","Current prices, million euro","Gross domestic product at market prices","6 138.6"
"2009","NL","Current prices, million euro","Gross domestic product at market prices","617 540.0"
"2009","AT","Current prices, million euro","Gross domestic product at market prices","286 188.4"
"2009","PL","Current prices, million euro","Gross domestic product at market prices","317 082.9"
"2009","PT","Current prices, million euro","Gross domestic product at market prices","175 448.2"
"2009","RO","Current prices, million euro","Gross domestic product at market prices","120 409.2"
"2009","SI","Current prices, million euro","Gross domestic product at market prices","36 166.2"
"2009","SK","Current prices, million euro","Gross domestic product at market prices","64 023.1"
"2009","FI","Current prices, million euro","Gross domestic product at market prices","181 029.0"
"2009","SE","Current prices, million euro","Gross domestic product at market prices","309 678.7"
"2009","UK","Current prices, million euro","Gross domestic product at market prices","1 705 456.0"
"2009","IS","Current prices, million euro","Gross domestic product at market prices","9 227.6"
"2009","NO","Current prices, million euro","Gross domestic product at market prices","278 386.1"
"2009","CH","Current prices, million euro","Gross domestic product at market prices","388 781.9"
"2009","ME","Current prices, million euro","Gross domestic product at market prices",":"
"2009","MK","Current prices, million euro","Gross domestic product at market prices","6 766.5"
"2009","AL","Current prices, million euro","Gross domestic product at market prices",":"
"2009","RS","Current prices, million euro","Gross domestic product at market prices","30 654.7"
"2009","XK","Current prices, million euro","Gross domestic product at market prices","4 069.6"
"2010","EU28","Current prices, million euro","Gross domestic product at market prices","12 815 694.3"
"2010","EU15","Current prices, million euro","Gross domestic product at market prices","11 798 955.6"
"2010","EA","Current prices, million euro","Gross domestic product at market prices","9 485 069.9"
"2010","EA19","Current prices, million euro","Gross domestic product at market prices","9 545 602.7"
"2010","EA12","Current prices, million euro","Gross domestic product at market prices","9 355 341.1"
"2010","BE","Current prices, million euro","Gross domestic product at market prices","365 101.0"
"2010","BG","Current prices, million euro","Gross domestic product at market prices","38 230.5"
"2010","CZ","Current prices, million euro","Gross domestic product at market prices","156 369.7"
"2010","DK","Current prices, million euro","Gross domestic product at market prices","241 516.9"
"2010","DE","Current prices, million euro","Gross domestic product at market prices","2 580 060.0"
"2010","EE","Current prices, million euro","Gross domestic product at market prices","14 716.5"
"2010","IE","Current prices, million euro","Gross domestic product at market prices","167 124.3"
"2010","EL","Current prices, million euro","Gross domestic product at market prices","226 031.4"
"2010","ES","Current prices, million euro","Gross domestic product at market prices","1 080 913.0"
"2010","FR","Current prices, million euro","Gross domestic product at market prices","1 998 481.0"
"2010","HR","Current prices, million euro","Gross domestic product at market prices","45 004.3"
"2010","IT","Current prices, million euro","Gross domestic product at market prices","1 604 514.5"
"2010","CY","Current prices, million euro","Gross domestic product at market prices","19 299.5"
"2010","LV","Current prices, million euro","Gross domestic product at market prices","17 788.6"
"2010","LT","Current prices, million euro","Gross domestic product at market prices","28 027.7"
"2010","LU","Current prices, million euro","Gross domestic product at market prices","39 946.6"
"2010","HU","Current prices, million euro","Gross domestic product at market prices","98 322.6"
"2010","MT","Current prices, million euro","Gross domestic product at market prices","6 599.5"
"2010","NL","Current prices, million euro","Gross domestic product at market prices","631 512.0"
"2010","AT","Current prices, million euro","Gross domestic product at market prices","294 627.5"
"2010","PL","Current prices, million euro","Gross domestic product at market prices","361 803.6"
"2010","PT","Current prices, million euro","Gross domestic product at market prices","179 929.8"
"2010","RO","Current prices, million euro","Gross domestic product at market prices","126 746.4"
"2010","SI","Current prices, million euro","Gross domestic product at market prices","36 252.4"
"2010","SK","Current prices, million euro","Gross domestic product at market prices","67 577.3"
"2010","FI","Current prices, million euro","Gross domestic product at market prices","187 100.0"
"2010","SE","Current prices, million euro","Gross domestic product at market prices","369 076.6"
"2010","UK","Current prices, million euro","Gross domestic product at market prices","1 833 021.3"
"2010","IS","Current prices, million euro","Gross domestic product at market prices","10 008.6"
"2010","NO","Current prices, million euro","Gross domestic product at market prices","323 587.2"
"2010","CH","Current prices, million euro","Gross domestic product at market prices","439 140.5"
"2010","ME","Current prices, million euro","Gross domestic product at market prices","3 125.1"
"2010","MK","Current prices, million euro","Gross domestic product at market prices","7 108.3"
"2010","AL","Current prices, million euro","Gross domestic product at market prices",":"
"2010","RS","Current prices, million euro","Gross domestic product at market prices","29 766.3"
"2010","XK","Current prices, million euro","Gross domestic product at market prices","4 402.0"
"2011","EU28","Current prices, million euro","Gross domestic product at market prices","13 190 755.5"
"2011","EU15","Current prices, million euro","Gross domestic product at market prices","12 124 107.9"
"2011","EA","Current prices, million euro","Gross domestic product at market prices","9 747 733.8"
"2011","EA19","Current prices, million euro","Gross domestic product at market prices","9 799 178.1"
"2011","EA12","Current prices, million euro","Gross domestic product at market prices","9 596 936.7"
"2011","BE","Current prices, million euro","Gross domestic product at market prices","379 106.0"
"2011","BG","Current prices, million euro","Gross domestic product at market prices","41 292.0"
"2011","CZ","Current prices, million euro","Gross domestic product at market prices","164 040.5"
"2011","DK","Current prices, million euro","Gross domestic product at market prices","246 074.7"
"2011","DE","Current prices, million euro","Gross domestic product at market prices","2 703 120.0"
"2011","EE","Current prices, million euro","Gross domestic product at market prices","16 667.6"
"2011","IE","Current prices, million euro","Gross domestic product at market prices","173 070.2"
"2011","EL","Current prices, million euro","Gross domestic product at market prices","207 028.9"
"2011","ES","Current prices, million euro","Gross domestic product at market prices","1 070 413.0"
"2011","FR","Current prices, million euro","Gross domestic product at market prices","2 059 284.0"
"2011","HR","Current prices, million euro","Gross domestic product at market prices","44 708.6"
"2011","IT","Current prices, million euro","Gross domestic product at market prices","1 637 462.9"
"2011","CY","Current prices, million euro","Gross domestic product at market prices","19 731.1"
"2011","LV","Current prices, million euro","Gross domestic product at market prices","20 169.0"
"2011","LT","Current prices, million euro","Gross domestic product at market prices","31 275.3"
"2011","LU","Current prices, million euro","Gross domestic product at market prices","42 856.4"
"2011","HU","Current prices, million euro","Gross domestic product at market prices","100 820.1"
"2011","MT","Current prices, million euro","Gross domestic product at market prices","6 874.9"
"2011","NL","Current prices, million euro","Gross domestic product at market prices","642 929.0"
"2011","AT","Current prices, million euro","Gross domestic product at market prices","308 630.3"
"2011","PL","Current prices, million euro","Gross domestic product at market prices","380 239.0"
"2011","PT","Current prices, million euro","Gross domestic product at market prices","176 166.6"
"2011","RO","Current prices, million euro","Gross domestic product at market prices","133 305.9"
"2011","SI","Current prices, million euro","Gross domestic product at market prices","36 896.3"
"2011","SK","Current prices, million euro","Gross domestic product at market prices","70 627.2"
"2011","FI","Current prices, million euro","Gross domestic product at market prices","196 869.0"
"2011","SE","Current prices, million euro","Gross domestic product at market prices","404 945.5"
"2011","UK","Current prices, million euro","Gross domestic product at market prices","1 876 151.1"
"2011","IS","Current prices, million euro","Gross domestic product at market prices","10 541.4"
"2011","NO","Current prices, million euro","Gross domestic product at market prices","358 248.4"
"2011","CH","Current prices, million euro","Gross domestic product at market prices","501 642.7"
"2011","ME","Current prices, million euro","Gross domestic product at market prices","3 264.8"
"2011","MK","Current prices, million euro","Gross domestic product at market prices","7 544.2"
"2011","AL","Current prices, million euro","Gross domestic product at market prices",":"
"2011","RS","Current prices, million euro","Gross domestic product at market prices","33 423.8"
"2011","XK","Current prices, million euro","Gross domestic product at market prices","4 814.5"
"2012","EU28","Current prices, million euro","Gross domestic product at market prices","13 447 006.4"
"2012","EU15","Current prices, million euro","Gross domestic product at market prices","12 369 039.5"
"2012","EA","Current prices, million euro","Gross domestic product at market prices","9 780 363.2"
"2012","EA19","Current prices, million euro","Gross domestic product at market prices","9 835 732.4"
"2012","EA12","Current prices, million euro","Gross domestic product at market prices","9 627 046.6"
"2012","BE","Current prices, million euro","Gross domestic product at market prices","387 500.0"
"2012","BG","Current prices, million euro","Gross domestic product at market prices","41 947.2"
"2012","CZ","Current prices, million euro","Gross domestic product at market prices","161 434.3"
"2012","DK","Current prices, million euro","Gross domestic product at market prices","252 915.2"
"2012","DE","Current prices, million euro","Gross domestic product at market prices","2 758 260.0"
"2012","EE","Current prices, million euro","Gross domestic product at market prices","17 934.9"
"2012","IE","Current prices, million euro","Gross domestic product at market prices","175 753.6"
"2012","EL","Current prices, million euro","Gross domestic product at market prices","191 203.9"
"2012","ES","Current prices, million euro","Gross domestic product at market prices","1 039 758.0"
"2012","FR","Current prices, million euro","Gross domestic product at market prices","2 086 929.0"
"2012","HR","Current prices, million euro","Gross domestic product at market prices","43 933.7"
"2012","IT","Current prices, million euro","Gross domestic product at market prices","1 613 265.0"
"2012","CY","Current prices, million euro","Gross domestic product at market prices","19 467.0"
"2012","LV","Current prices, million euro","Gross domestic product at market prices","22 020.9"
"2012","LT","Current prices, million euro","Gross domestic product at market prices","33 348.2"
"2012","LU","Current prices, million euro","Gross domestic product at market prices","43 905.0"
"2012","HU","Current prices, million euro","Gross domestic product at market prices","99 085.6"
"2012","MT","Current prices, million euro","Gross domestic product at market prices","7 208.8"
"2012","NL","Current prices, million euro","Gross domestic product at market prices","645 164.0"
"2012","AT","Current prices, million euro","Gross domestic product at market prices","317 117.0"
"2012","PL","Current prices, million euro","Gross domestic product at market prices","389 368.9"
"2012","PT","Current prices, million euro","Gross domestic product at market prices","168 398.0"
"2012","RO","Current prices, million euro","Gross domestic product at market prices","133 511.4"
"2012","SI","Current prices, million euro","Gross domestic product at market prices","36 002.5"
"2012","SK","Current prices, million euro","Gross domestic product at market prices","72 703.5"
"2012","FI","Current prices, million euro","Gross domestic product at market prices","199 793.0"
"2012","SE","Current prices, million euro","Gross domestic product at market prices","423 340.7"
"2012","UK","Current prices, million euro","Gross domestic product at market prices","2 065 736.8"
"2012","IS","Current prices, million euro","Gross domestic product at market prices","11 065.1"
"2012","NO","Current prices, million euro","Gross domestic product at market prices","396 678.0"
"2012","CH","Current prices, million euro","Gross domestic product at market prices","517 390.6"
"2012","ME","Current prices, million euro","Gross domestic product at market prices","3 181.5"
"2012","MK","Current prices, million euro","Gross domestic product at market prices","7 584.8"
"2012","AL","Current prices, million euro","Gross domestic product at market prices",":"
"2012","RS","Current prices, million euro","Gross domestic product at market prices","31 683.1"
"2012","XK","Current prices, million euro","Gross domestic product at market prices","5 058.8"
"2013","EU28","Current prices, million euro","Gross domestic product at market prices","13 555 150.3"
"2013","EU15","Current prices, million euro","Gross domestic product at market prices","12 458 867.1"
"2013","EA","Current prices, million euro","Gross domestic product at market prices","9 874 318.2"
"2013","EA19","Current prices, million euro","Gross domestic product at market prices","9 932 136.6"
"2013","EA12","Current prices, million euro","Gross domestic product at market prices","9 719 551.6"
"2013","BE","Current prices, million euro","Gross domestic product at market prices","391 712.0"
"2013","BG","Current prices, million euro","Gross domestic product at market prices","42 011.5"
"2013","CZ","Current prices, million euro","Gross domestic product at market prices","157 741.6"
"2013","DK","Current prices, million euro","Gross domestic product at market prices","255 235.4"
"2013","DE","Current prices, million euro","Gross domestic product at market prices","2 826 240.0"
"2013","EE","Current prices, million euro","Gross domestic product at market prices","18 890.1"
"2013","IE","Current prices, million euro","Gross domestic product at market prices","180 209.3"
"2013","EL","Current prices, million euro","Gross domestic product at market prices","180 654.3"
"2013","ES","Current prices, million euro","Gross domestic product at market prices","1 025 634.0"
"2013","FR","Current prices, million euro","Gross domestic product at market prices","2 115 256.0"
"2013","HR","Current prices, million euro","Gross domestic product at market prices","43 487.1"
"2013","IT","Current prices, million euro","Gross domestic product at market prices","1 604 599.1"
"2013","CY","Current prices, million euro","Gross domestic product at market prices","18 118.2"
"2013","LV","Current prices, million euro","Gross domestic product at market prices","22 816.3"
"2013","LT","Current prices, million euro","Gross domestic product at market prices","35 002.1"
"2013","LU","Current prices, million euro","Gross domestic product at market prices","46 352.6"
"2013","HU","Current prices, million euro","Gross domestic product at market prices","101 483.3"
"2013","MT","Current prices, million euro","Gross domestic product at market prices","7 671.3"
"2013","NL","Current prices, million euro","Gross domestic product at market prices","652 748.0"
"2013","AT","Current prices, million euro","Gross domestic product at market prices","322 539.2"
"2013","PL","Current prices, million euro","Gross domestic product at market prices","394 721.1"
"2013","PT","Current prices, million euro","Gross domestic product at market prices","170 269.3"
"2013","RO","Current prices, million euro","Gross domestic product at market prices","144 253.5"
"2013","SI","Current prices, million euro","Gross domestic product at market prices","35 917.1"
"2013","SK","Current prices, million euro","Gross domestic product at market prices","74 169.9"
"2013","FI","Current prices, million euro","Gross domestic product at market prices","203 338.0"
"2013","SE","Current prices, million euro","Gross domestic product at market prices","435 752.1"
"2013","UK","Current prices, million euro","Gross domestic product at market prices","2 048 328.0"
"2013","IS","Current prices, million euro","Gross domestic product at market prices","11 647.0"
"2013","NO","Current prices, million euro","Gross domestic product at market prices","393 397.2"
"2013","CH","Current prices, million euro","Gross domestic product at market prices","515 616.9"
"2013","ME","Current prices, million euro","Gross domestic product at market prices","3 362.5"
"2013","MK","Current prices, million euro","Gross domestic product at market prices","8 149.6"
"2013","AL","Current prices, million euro","Gross domestic product at market prices",":"
"2013","RS","Current prices, million euro","Gross domestic product at market prices","34 262.9"
"2013","XK","Current prices, million euro","Gross domestic product at market prices","5 326.6"
"2014","EU28","Current prices, million euro","Gross domestic product at market prices","13 996 020.2"
"2014","EU15","Current prices, million euro","Gross domestic product at market prices","12 868 424.6"
"2014","EA","Current prices, million euro","Gross domestic product at market prices","10 096 652.1"
"2014","EA19","Current prices, million euro","Gross domestic product at market prices","10 133 242.1"
"2014","EA12","Current prices, million euro","Gross domestic product at market prices","9 914 346.9"
"2014","BE","Current prices, million euro","Gross domestic product at market prices","400 805.0"
"2014","BG","Current prices, million euro","Gross domestic product at market prices","42 762.2"
"2014","CZ","Current prices, million euro","Gross domestic product at market prices","156 660.0"
"2014","DK","Current prices, million euro","Gross domestic product at market prices","260 581.6"
"2014","DE","Current prices, million euro","Gross domestic product at market prices","2 923 930.0"
"2014","EE","Current prices, million euro","Gross domestic product at market prices","19 758.3"
"2014","IE","Current prices, million euro","Gross domestic product at market prices","193 159.6"
"2014","EL","Current prices, million euro","Gross domestic product at market prices","177 940.6"
"2014","ES","Current prices, million euro","Gross domestic product at market prices","1 037 025.0"
"2014","FR","Current prices, million euro","Gross domestic product at market prices","2 139 964.0"
"2014","HR","Current prices, million euro","Gross domestic product at market prices","42 977.8"
"2014","IT","Current prices, million euro","Gross domestic product at market prices","1 620 381.1"
"2014","CY","Current prices, million euro","Gross domestic product at market prices","17 567.4"
"2014","LV","Current prices, million euro","Gross domestic product at market prices","23 607.9"
"2014","LT","Current prices, million euro","Gross domestic product at market prices","36 590.0"
"2014","LU","Current prices, million euro","Gross domestic product at market prices","49 272.8"
"2014","HU","Current prices, million euro","Gross domestic product at market prices","104 953.3"
"2014","MT","Current prices, million euro","Gross domestic product at market prices","8 092.9"
"2014","NL","Current prices, million euro","Gross domestic product at market prices","663 008.0"
"2014","AT","Current prices, million euro","Gross domestic product at market prices","330 417.6"
"2014","PL","Current prices, million euro","Gross domestic product at market prices","410 989.7"
"2014","PT","Current prices, million euro","Gross domestic product at market prices","173 079.1"
"2014","RO","Current prices, million euro","Gross domestic product at market prices","150 357.5"
"2014","SI","Current prices, million euro","Gross domestic product at market prices","37 332.4"
"2014","SK","Current prices, million euro","Gross domestic product at market prices","75 946.4"
"2014","FI","Current prices, million euro","Gross domestic product at market prices","205 364.0"
"2014","SE","Current prices, million euro","Gross domestic product at market prices","432 691.1"
"2014","UK","Current prices, million euro","Gross domestic product at market prices","2 260 804.8"
"2014","IS","Current prices, million euro","Gross domestic product at market prices","12 953.8"
"2014","NO","Current prices, million euro","Gross domestic product at market prices","375 894.3"
"2014","CH","Current prices, million euro","Gross domestic product at market prices","530 038.2"
"2014","ME","Current prices, million euro","Gross domestic product at market prices","3 457.9"
"2014","MK","Current prices, million euro","Gross domestic product at market prices","8 562.0"
"2014","AL","Current prices, million euro","Gross domestic product at market prices",":"
"2014","RS","Current prices, million euro","Gross domestic product at market prices","33 318.6"
"2014","XK","Current prices, million euro","Gross domestic product at market prices","5 567.5"
"2015","EU28","Current prices, million euro","Gross domestic product at market prices","14 702 097.4"
"2015","EU15","Current prices, million euro","Gross domestic product at market prices","13 520 566.9"
"2015","EA","Current prices, million euro","Gross domestic product at market prices","10 455 774.3"
"2015","EA19","Current prices, million euro","Gross domestic product at market prices","10 455 774.3"
"2015","EA12","Current prices, million euro","Gross domestic product at market prices","10 230 162.5"
"2015","BE","Current prices, million euro","Gross domestic product at market prices","410 351.0"
"2015","BG","Current prices, million euro","Gross domestic product at market prices","45 286.5"
"2015","CZ","Current prices, million euro","Gross domestic product at market prices","166 964.1"
"2015","DK","Current prices, million euro","Gross domestic product at market prices","266 178.7"
"2015","DE","Current prices, million euro","Gross domestic product at market prices","3 032 820.0"
"2015","EE","Current prices, million euro","Gross domestic product at market prices","20 251.7"
"2015","IE","Current prices, million euro","Gross domestic product at market prices","255 815.2"
"2015","EL","Current prices, million euro","Gross domestic product at market prices","175 697.4"
"2015","ES","Current prices, million euro","Gross domestic product at market prices","1 075 639.0"
"2015","FR","Current prices, million euro","Gross domestic product at market prices","2 181 064.0"
"2015","HR","Current prices, million euro","Gross domestic product at market prices","43 846.9"
"2015","IT","Current prices, million euro","Gross domestic product at market prices","1 642 443.8"
"2015","CY","Current prices, million euro","Gross domestic product at market prices","17 637.2"
"2015","LV","Current prices, million euro","Gross domestic product at market prices","24 348.5"
"2015","LT","Current prices, million euro","Gross domestic product at market prices","37 330.5"
"2015","LU","Current prices, million euro","Gross domestic product at market prices","51 216.2"
"2015","HU","Current prices, million euro","Gross domestic product at market prices","109 674.2"
"2015","MT","Current prices, million euro","Gross domestic product at market prices","8 788.4"
"2015","NL","Current prices, million euro","Gross domestic product at market prices","676 531.0"
"2015","AT","Current prices, million euro","Gross domestic product at market prices","339 896.0"
"2015","PL","Current prices, million euro","Gross domestic product at market prices","429 794.2"
"2015","PT","Current prices, million euro","Gross domestic product at market prices","179 539.9"
"2015","RO","Current prices, million euro","Gross domestic product at market prices","160 352.8"
"2015","SI","Current prices, million euro","Gross domestic product at market prices","38 570.0"
"2015","SK","Current prices, million euro","Gross domestic product at market prices","78 685.6"
"2015","FI","Current prices, million euro","Gross domestic product at market prices","209 149.0"
"2015","SE","Current prices, million euro","Gross domestic product at market prices","446 945.7"
"2015","UK","Current prices, million euro","Gross domestic product at market prices","2 577 280.1"
"2015","IS","Current prices, million euro","Gross domestic product at market prices","15 130.2"
"2015","NO","Current prices, million euro","Gross domestic product at market prices","348 332.1"
"2015","CH","Current prices, million euro","Gross domestic product at market prices","604 509.5"
"2015","ME","Current prices, million euro","Gross domestic product at market prices","3 624.7"
"2015","MK","Current prices, million euro","Gross domestic product at market prices","9 060.7"
"2015","AL","Current prices, million euro","Gross domestic product at market prices",":"
"2015","RS","Current prices, million euro","Gross domestic product at market prices","33 491.0"
"2015","XK","Current prices, million euro","Gross domestic product at market prices",":"
