"TIME","GEO","INDIC_DE","Value"
"2003","BE","Population on 1 January - total ","10 355 844"
"2004","BE","Population on 1 January - total ","10 396 421"
"2005","BE","Population on 1 January - total ","10 445 852"
"2006","BE","Population on 1 January - total ","10 511 382"
"2007","BE","Population on 1 January - total ","10 584 534"
"2008","BE","Population on 1 January - total ","10 666 866"
"2009","BE","Population on 1 January - total ","10 753 080"
"2010","BE","Population on 1 January - total ","10 839 905"
"2011","BE","Population on 1 January - total ","11 000 638"
"2012","BE","Population on 1 January - total ","11 094 850"
"2013","BE","Population on 1 January - total ","11 161 642"
"2014","BE","Population on 1 January - total ","11 203 992"
"2015","BE","Population on 1 January - total ","11 208 986"
"2016","BE","Population on 1 January - total ","11 289 853"
"2003","BG","Population on 1 January - total ","7 805 506"
"2004","BG","Population on 1 January - total ","7 745 147"
"2005","BG","Population on 1 January - total ","7 688 573"
"2006","BG","Population on 1 January - total ","7 629 371"
"2007","BG","Population on 1 January - total ","7 572 673"
"2008","BG","Population on 1 January - total ","7 518 002"
"2009","BG","Population on 1 January - total ","7 467 119"
"2010","BG","Population on 1 January - total ","7 421 766"
"2011","BG","Population on 1 January - total ","7 369 431"
"2012","BG","Population on 1 January - total ","7 327 224"
"2013","BG","Population on 1 January - total ","7 284 552"
"2014","BG","Population on 1 January - total ","7 245 677"
"2015","BG","Population on 1 January - total ","7 202 198"
"2016","BG","Population on 1 January - total ","7 153 784"
"2003","CZ","Population on 1 January - total ","10 192 649"
"2004","CZ","Population on 1 January - total ","10 195 347"
"2005","CZ","Population on 1 January - total ","10 198 855"
"2006","CZ","Population on 1 January - total ","10 223 577"
"2007","CZ","Population on 1 January - total ","10 254 233"
"2008","CZ","Population on 1 January - total ","10 343 422"
"2009","CZ","Population on 1 January - total ","10 425 783"
"2010","CZ","Population on 1 January - total ","10 462 088"
"2011","CZ","Population on 1 January - total ","10 486 731"
"2012","CZ","Population on 1 January - total ","10 505 445"
"2013","CZ","Population on 1 January - total ","10 516 125"
"2014","CZ","Population on 1 January - total ","10 512 419"
"2015","CZ","Population on 1 January - total ","10 538 275"
"2016","CZ","Population on 1 January - total ","10 553 843"
"2003","DK","Population on 1 January - total ","5 383 507"
"2004","DK","Population on 1 January - total ","5 397 640"
"2005","DK","Population on 1 January - total ","5 411 405"
"2006","DK","Population on 1 January - total ","5 427 459"
"2007","DK","Population on 1 January - total ","5 447 084"
"2008","DK","Population on 1 January - total ","5 475 791"
"2009","DK","Population on 1 January - total ","5 511 451"
"2010","DK","Population on 1 January - total ","5 534 738"
"2011","DK","Population on 1 January - total ","5 560 628"
"2012","DK","Population on 1 January - total ","5 580 516"
"2013","DK","Population on 1 January - total ","5 602 628"
"2014","DK","Population on 1 January - total ","5 627 235"
"2015","DK","Population on 1 January - total ","5 659 715"
"2016","DK","Population on 1 January - total ","5 707 251"
"2003","DE","Population on 1 January - total ","82 536 680"
"2004","DE","Population on 1 January - total ","82 531 671"
"2005","DE","Population on 1 January - total ","82 500 849"
"2006","DE","Population on 1 January - total ","82 437 995"
"2007","DE","Population on 1 January - total ","82 314 906"
"2008","DE","Population on 1 January - total ","82 217 837"
"2009","DE","Population on 1 January - total ","82 002 356"
"2010","DE","Population on 1 January - total ","81 802 257"
"2011","DE","Population on 1 January - total ","80 222 065"
"2012","DE","Population on 1 January - total ","80 327 900"
"2013","DE","Population on 1 January - total ","80 523 746"
"2014","DE","Population on 1 January - total ","80 767 463"
"2015","DE","Population on 1 January - total ","81 197 537"
"2016","DE","Population on 1 January - total ","82 162 000"
"2003","DE_TOT","Population on 1 January - total ","82 536 680"
"2004","DE_TOT","Population on 1 January - total ","82 531 671"
"2005","DE_TOT","Population on 1 January - total ","82 500 849"
"2006","DE_TOT","Population on 1 January - total ","82 437 995"
"2007","DE_TOT","Population on 1 January - total ","82 314 906"
"2008","DE_TOT","Population on 1 January - total ","82 217 837"
"2009","DE_TOT","Population on 1 January - total ","82 002 356"
"2010","DE_TOT","Population on 1 January - total ","81 802 257"
"2011","DE_TOT","Population on 1 January - total ","80 222 065"
"2012","DE_TOT","Population on 1 January - total ","80 327 900"
"2013","DE_TOT","Population on 1 January - total ","80 523 746"
"2014","DE_TOT","Population on 1 January - total ","80 767 463"
"2015","DE_TOT","Population on 1 January - total ","81 197 537"
"2016","DE_TOT","Population on 1 January - total ","82 162 000"
"2003","EE","Population on 1 January - total ","1 375 190"
"2004","EE","Population on 1 January - total ","1 366 250"
"2005","EE","Population on 1 January - total ","1 358 850"
"2006","EE","Population on 1 January - total ","1 350 700"
"2007","EE","Population on 1 January - total ","1 342 920"
"2008","EE","Population on 1 January - total ","1 338 440"
"2009","EE","Population on 1 January - total ","1 335 740"
"2010","EE","Population on 1 January - total ","1 333 290"
"2011","EE","Population on 1 January - total ","1 329 660"
"2012","EE","Population on 1 January - total ","1 325 217"
"2013","EE","Population on 1 January - total ","1 320 174"
"2014","EE","Population on 1 January - total ","1 315 819"
"2015","EE","Population on 1 January - total ","1 313 271"
"2016","EE","Population on 1 January - total ","1 315 944"
"2003","IE","Population on 1 January - total ","3 964 191"
"2004","IE","Population on 1 January - total ","4 028 851"
"2005","IE","Population on 1 January - total ","4 111 672"
"2006","IE","Population on 1 January - total ","4 208 156"
"2007","IE","Population on 1 January - total ","4 340 118"
"2008","IE","Population on 1 January - total ","4 457 765"
"2009","IE","Population on 1 January - total ","4 521 322"
"2010","IE","Population on 1 January - total ","4 549 428"
"2011","IE","Population on 1 January - total ","4 570 881"
"2012","IE","Population on 1 January - total ","4 582 707"
"2013","IE","Population on 1 January - total ","4 591 087"
"2014","IE","Population on 1 January - total ","4 605 501"
"2015","IE","Population on 1 January - total ","4 628 949"
"2016","IE","Population on 1 January - total ","4 658 530"
"2003","EL","Population on 1 January - total ","10 915 770"
"2004","EL","Population on 1 January - total ","10 940 369"
"2005","EL","Population on 1 January - total ","10 969 912"
"2006","EL","Population on 1 January - total ","11 004 716"
"2007","EL","Population on 1 January - total ","11 036 008"
"2008","EL","Population on 1 January - total ","11 060 937"
"2009","EL","Population on 1 January - total ","11 094 745"
"2010","EL","Population on 1 January - total ","11 119 289"
"2011","EL","Population on 1 January - total ","11 123 392"
"2012","EL","Population on 1 January - total ","11 086 406"
"2013","EL","Population on 1 January - total ","11 003 615"
"2014","EL","Population on 1 January - total ","10 926 807"
"2015","EL","Population on 1 January - total ","10 858 018"
"2016","EL","Population on 1 January - total ","10 793 526"
"2003","ES","Population on 1 January - total ","41 827 838"
"2004","ES","Population on 1 January - total ","42 547 451"
"2005","ES","Population on 1 January - total ","43 296 338"
"2006","ES","Population on 1 January - total ","44 009 971"
"2007","ES","Population on 1 January - total ","44 784 666"
"2008","ES","Population on 1 January - total ","45 668 939"
"2009","ES","Population on 1 January - total ","46 239 273"
"2010","ES","Population on 1 January - total ","46 486 619"
"2011","ES","Population on 1 January - total ","46 667 174"
"2012","ES","Population on 1 January - total ","46 818 219"
"2013","ES","Population on 1 January - total ","46 727 890"
"2014","ES","Population on 1 January - total ","46 512 199"
"2015","ES","Population on 1 January - total ","46 449 565"
"2016","ES","Population on 1 January - total ","46 438 422"
"2003","FR","Population on 1 January - total ","61 864 088"
"2004","FR","Population on 1 January - total ","62 292 241"
"2005","FR","Population on 1 January - total ","62 772 870"
"2006","FR","Population on 1 January - total ","63 229 635"
"2007","FR","Population on 1 January - total ","63 645 065"
"2008","FR","Population on 1 January - total ","64 007 193"
"2009","FR","Population on 1 January - total ","64 350 226"
"2010","FR","Population on 1 January - total ","64 658 856"
"2011","FR","Population on 1 January - total ","64 978 721"
"2012","FR","Population on 1 January - total ","65 276 983"
"2013","FR","Population on 1 January - total ","65 600 350"
"2014","FR","Population on 1 January - total ","65 889 148"
"2015","FR","Population on 1 January - total ","66 415 161"
"2016","FR","Population on 1 January - total ","66 661 621"
"2003","FX","Population on 1 January - total ","60 101 841"
"2004","FX","Population on 1 January - total ","60 505 421"
"2005","FX","Population on 1 January - total ","60 963 264"
"2006","FX","Population on 1 January - total ","61 399 733"
"2007","FX","Population on 1 January - total ","61 795 238"
"2008","FX","Population on 1 January - total ","62 134 866"
"2009","FX","Population on 1 January - total ","62 465 709"
"2010","FX","Population on 1 January - total ","62 765 235"
"2011","FX","Population on 1 January - total ","63 070 344"
"2012","FX","Population on 1 January - total ","63 375 971"
"2013","FX","Population on 1 January - total ","63 697 865"
"2014","FX","Population on 1 January - total ",":"
"2015","FX","Population on 1 January - total ",":"
"2016","FX","Population on 1 January - total ",":"
"2003","HR","Population on 1 January - total ","4 305 384"
"2004","HR","Population on 1 January - total ","4 305 725"
"2005","HR","Population on 1 January - total ","4 310 861"
"2006","HR","Population on 1 January - total ","4 312 487"
"2007","HR","Population on 1 January - total ","4 313 530"
"2008","HR","Population on 1 January - total ","4 311 967"
"2009","HR","Population on 1 January - total ","4 309 796"
"2010","HR","Population on 1 January - total ","4 302 847"
"2011","HR","Population on 1 January - total ","4 289 857"
"2012","HR","Population on 1 January - total ","4 275 984"
"2013","HR","Population on 1 January - total ","4 262 140"
"2014","HR","Population on 1 January - total ","4 246 809"
"2015","HR","Population on 1 January - total ","4 225 316"
"2016","HR","Population on 1 January - total ","4 190 669"
"2003","IT","Population on 1 January - total ","57 130 506"
"2004","IT","Population on 1 January - total ","57 495 900"
"2005","IT","Population on 1 January - total ","57 874 753"
"2006","IT","Population on 1 January - total ","58 064 214"
"2007","IT","Population on 1 January - total ","58 223 744"
"2008","IT","Population on 1 January - total ","58 652 875"
"2009","IT","Population on 1 January - total ","59 000 586"
"2010","IT","Population on 1 January - total ","59 190 143"
"2011","IT","Population on 1 January - total ","59 364 690"
"2012","IT","Population on 1 January - total ","59 394 207"
"2013","IT","Population on 1 January - total ","59 685 227"
"2014","IT","Population on 1 January - total ","60 782 668"
"2015","IT","Population on 1 January - total ","60 795 612"
"2016","IT","Population on 1 January - total ","60 665 551"
"2003","CY","Population on 1 January - total ","713 720"
"2004","CY","Population on 1 January - total ","722 893"
"2005","CY","Population on 1 January - total ","733 067"
"2006","CY","Population on 1 January - total ","744 013"
"2007","CY","Population on 1 January - total ","757 916"
"2008","CY","Population on 1 January - total ","776 333"
"2009","CY","Population on 1 January - total ","796 930"
"2010","CY","Population on 1 January - total ","819 140"
"2011","CY","Population on 1 January - total ","839 751"
"2012","CY","Population on 1 January - total ","862 011"
"2013","CY","Population on 1 January - total ","865 878"
"2014","CY","Population on 1 January - total ","858 000"
"2015","CY","Population on 1 January - total ","847 008"
"2016","CY","Population on 1 January - total ","848 319"
"2003","LV","Population on 1 January - total ","2 299 390"
"2004","LV","Population on 1 January - total ","2 276 520"
"2005","LV","Population on 1 January - total ","2 249 724"
"2006","LV","Population on 1 January - total ","2 227 874"
"2007","LV","Population on 1 January - total ","2 208 840"
"2008","LV","Population on 1 January - total ","2 191 810"
"2009","LV","Population on 1 January - total ","2 162 834"
"2010","LV","Population on 1 January - total ","2 120 504"
"2011","LV","Population on 1 January - total ","2 074 605"
"2012","LV","Population on 1 January - total ","2 044 813"
"2013","LV","Population on 1 January - total ","2 023 825"
"2014","LV","Population on 1 January - total ","2 001 468"
"2015","LV","Population on 1 January - total ","1 986 096"
"2016","LV","Population on 1 January - total ","1 968 957"
"2003","LT","Population on 1 January - total ","3 431 497"
"2004","LT","Population on 1 January - total ","3 398 929"
"2005","LT","Population on 1 January - total ","3 355 220"
"2006","LT","Population on 1 January - total ","3 289 835"
"2007","LT","Population on 1 January - total ","3 249 983"
"2008","LT","Population on 1 January - total ","3 212 605"
"2009","LT","Population on 1 January - total ","3 183 856"
"2010","LT","Population on 1 January - total ","3 141 976"
"2011","LT","Population on 1 January - total ","3 052 588"
"2012","LT","Population on 1 January - total ","3 003 641"
"2013","LT","Population on 1 January - total ","2 971 905"
"2014","LT","Population on 1 January - total ","2 943 472"
"2015","LT","Population on 1 January - total ","2 921 262"
"2016","LT","Population on 1 January - total ","2 888 558"
"2003","LU","Population on 1 January - total ","448 300"
"2004","LU","Population on 1 January - total ","454 960"
"2005","LU","Population on 1 January - total ","461 230"
"2006","LU","Population on 1 January - total ","469 086"
"2007","LU","Population on 1 January - total ","476 187"
"2008","LU","Population on 1 January - total ","483 799"
"2009","LU","Population on 1 January - total ","493 500"
"2010","LU","Population on 1 January - total ","502 066"
"2011","LU","Population on 1 January - total ","511 840"
"2012","LU","Population on 1 January - total ","524 853"
"2013","LU","Population on 1 January - total ","537 039"
"2014","LU","Population on 1 January - total ","549 680"
"2015","LU","Population on 1 January - total ","562 958"
"2016","LU","Population on 1 January - total ","576 249"
"2003","HU","Population on 1 January - total ","10 142 362"
"2004","HU","Population on 1 January - total ","10 116 742"
"2005","HU","Population on 1 January - total ","10 097 549"
"2006","HU","Population on 1 January - total ","10 076 581"
"2007","HU","Population on 1 January - total ","10 066 158"
"2008","HU","Population on 1 January - total ","10 045 401"
"2009","HU","Population on 1 January - total ","10 030 975"
"2010","HU","Population on 1 January - total ","10 014 324"
"2011","HU","Population on 1 January - total ","9 985 722"
"2012","HU","Population on 1 January - total ","9 931 925"
"2013","HU","Population on 1 January - total ","9 908 798"
"2014","HU","Population on 1 January - total ","9 877 365"
"2015","HU","Population on 1 January - total ","9 855 571"
"2016","HU","Population on 1 January - total ","9 830 485"
"2003","MT","Population on 1 January - total ","397 296"
"2004","MT","Population on 1 January - total ","399 867"
"2005","MT","Population on 1 January - total ","402 668"
"2006","MT","Population on 1 January - total ","404 999"
"2007","MT","Population on 1 January - total ","405 616"
"2008","MT","Population on 1 January - total ","407 832"
"2009","MT","Population on 1 January - total ","410 926"
"2010","MT","Population on 1 January - total ","414 027"
"2011","MT","Population on 1 January - total ","414 989"
"2012","MT","Population on 1 January - total ","417 546"
"2013","MT","Population on 1 January - total ","421 364"
"2014","MT","Population on 1 January - total ","425 384"
"2015","MT","Population on 1 January - total ","429 344"
"2016","MT","Population on 1 January - total ","434 403"
"2003","NL","Population on 1 January - total ","16 192 572"
"2004","NL","Population on 1 January - total ","16 258 032"
"2005","NL","Population on 1 January - total ","16 305 526"
"2006","NL","Population on 1 January - total ","16 334 210"
"2007","NL","Population on 1 January - total ","16 357 992"
"2008","NL","Population on 1 January - total ","16 405 399"
"2009","NL","Population on 1 January - total ","16 485 787"
"2010","NL","Population on 1 January - total ","16 574 989"
"2011","NL","Population on 1 January - total ","16 655 799"
"2012","NL","Population on 1 January - total ","16 730 348"
"2013","NL","Population on 1 January - total ","16 779 575"
"2014","NL","Population on 1 January - total ","16 829 289"
"2015","NL","Population on 1 January - total ","16 900 726"
"2016","NL","Population on 1 January - total ","16 979 120"
"2003","AT","Population on 1 January - total ","8 100 273"
"2004","AT","Population on 1 January - total ","8 142 573"
"2005","AT","Population on 1 January - total ","8 201 359"
"2006","AT","Population on 1 January - total ","8 254 298"
"2007","AT","Population on 1 January - total ","8 282 984"
"2008","AT","Population on 1 January - total ","8 307 989"
"2009","AT","Population on 1 January - total ","8 335 003"
"2010","AT","Population on 1 January - total ","8 351 643"
"2011","AT","Population on 1 January - total ","8 375 164"
"2012","AT","Population on 1 January - total ","8 408 121"
"2013","AT","Population on 1 January - total ","8 451 860"
"2014","AT","Population on 1 January - total ","8 506 889"
"2015","AT","Population on 1 January - total ","8 576 261"
"2016","AT","Population on 1 January - total ","8 700 471"
"2003","PL","Population on 1 January - total ","38 218 531"
"2004","PL","Population on 1 January - total ","38 190 608"
"2005","PL","Population on 1 January - total ","38 173 835"
"2006","PL","Population on 1 January - total ","38 157 055"
"2007","PL","Population on 1 January - total ","38 125 479"
"2008","PL","Population on 1 January - total ","38 115 641"
"2009","PL","Population on 1 January - total ","38 135 876"
"2010","PL","Population on 1 January - total ","38 022 869"
"2011","PL","Population on 1 January - total ","38 062 718"
"2012","PL","Population on 1 January - total ","38 063 792"
"2013","PL","Population on 1 January - total ","38 062 535"
"2014","PL","Population on 1 January - total ","38 017 856"
"2015","PL","Population on 1 January - total ","38 005 614"
"2016","PL","Population on 1 January - total ","37 967 209"
"2003","PT","Population on 1 January - total ","10 444 592"
"2004","PT","Population on 1 January - total ","10 473 050"
"2005","PT","Population on 1 January - total ","10 494 672"
"2006","PT","Population on 1 January - total ","10 511 988"
"2007","PT","Population on 1 January - total ","10 532 588"
"2008","PT","Population on 1 January - total ","10 553 339"
"2009","PT","Population on 1 January - total ","10 563 014"
"2010","PT","Population on 1 January - total ","10 573 479"
"2011","PT","Population on 1 January - total ","10 572 721"
"2012","PT","Population on 1 January - total ","10 542 398"
"2013","PT","Population on 1 January - total ","10 487 289"
"2014","PT","Population on 1 January - total ","10 427 301"
"2015","PT","Population on 1 January - total ","10 374 822"
"2016","PT","Population on 1 January - total ","10 341 330"
"2003","RO","Population on 1 January - total ","21 627 509"
"2004","RO","Population on 1 January - total ","21 521 142"
"2005","RO","Population on 1 January - total ","21 382 354"
"2006","RO","Population on 1 January - total ","21 257 016"
"2007","RO","Population on 1 January - total ","21 130 503"
"2008","RO","Population on 1 January - total ","20 635 460"
"2009","RO","Population on 1 January - total ","20 440 290"
"2010","RO","Population on 1 January - total ","20 294 683"
"2011","RO","Population on 1 January - total ","20 199 059"
"2012","RO","Population on 1 January - total ","20 095 996"
"2013","RO","Population on 1 January - total ","20 020 074"
"2014","RO","Population on 1 January - total ","19 947 311"
"2015","RO","Population on 1 January - total ","19 870 647"
"2016","RO","Population on 1 January - total ","19 759 968"
"2003","SI","Population on 1 January - total ","1 995 033"
"2004","SI","Population on 1 January - total ","1 996 433"
"2005","SI","Population on 1 January - total ","1 997 590"
"2006","SI","Population on 1 January - total ","2 003 358"
"2007","SI","Population on 1 January - total ","2 010 377"
"2008","SI","Population on 1 January - total ","2 010 269"
"2009","SI","Population on 1 January - total ","2 032 362"
"2010","SI","Population on 1 January - total ","2 046 976"
"2011","SI","Population on 1 January - total ","2 050 189"
"2012","SI","Population on 1 January - total ","2 055 496"
"2013","SI","Population on 1 January - total ","2 058 821"
"2014","SI","Population on 1 January - total ","2 061 085"
"2015","SI","Population on 1 January - total ","2 062 874"
"2016","SI","Population on 1 January - total ","2 064 188"
"2003","SK","Population on 1 January - total ","5 374 873"
"2004","SK","Population on 1 January - total ","5 371 875"
"2005","SK","Population on 1 January - total ","5 372 685"
"2006","SK","Population on 1 January - total ","5 372 928"
"2007","SK","Population on 1 January - total ","5 373 180"
"2008","SK","Population on 1 January - total ","5 376 064"
"2009","SK","Population on 1 January - total ","5 382 401"
"2010","SK","Population on 1 January - total ","5 390 410"
"2011","SK","Population on 1 January - total ","5 392 446"
"2012","SK","Population on 1 January - total ","5 404 322"
"2013","SK","Population on 1 January - total ","5 410 836"
"2014","SK","Population on 1 January - total ","5 415 949"
"2015","SK","Population on 1 January - total ","5 421 349"
"2016","SK","Population on 1 January - total ","5 426 252"
"2003","FI","Population on 1 January - total ","5 206 295"
"2004","FI","Population on 1 January - total ","5 219 732"
"2005","FI","Population on 1 January - total ","5 236 611"
"2006","FI","Population on 1 January - total ","5 255 580"
"2007","FI","Population on 1 January - total ","5 276 955"
"2008","FI","Population on 1 January - total ","5 300 484"
"2009","FI","Population on 1 January - total ","5 326 314"
"2010","FI","Population on 1 January - total ","5 351 427"
"2011","FI","Population on 1 January - total ","5 375 276"
"2012","FI","Population on 1 January - total ","5 401 267"
"2013","FI","Population on 1 January - total ","5 426 674"
"2014","FI","Population on 1 January - total ","5 451 270"
"2015","FI","Population on 1 January - total ","5 471 753"
"2016","FI","Population on 1 January - total ","5 487 308"
"2003","SE","Population on 1 January - total ","8 940 788"
"2004","SE","Population on 1 January - total ","8 975 670"
"2005","SE","Population on 1 January - total ","9 011 392"
"2006","SE","Population on 1 January - total ","9 047 752"
"2007","SE","Population on 1 January - total ","9 113 257"
"2008","SE","Population on 1 January - total ","9 182 927"
"2009","SE","Population on 1 January - total ","9 256 347"
"2010","SE","Population on 1 January - total ","9 340 682"
"2011","SE","Population on 1 January - total ","9 415 570"
"2012","SE","Population on 1 January - total ","9 482 855"
"2013","SE","Population on 1 January - total ","9 555 893"
"2014","SE","Population on 1 January - total ","9 644 864"
"2015","SE","Population on 1 January - total ","9 747 355"
"2016","SE","Population on 1 January - total ","9 851 017"
"2003","UK","Population on 1 January - total ","59 501 394"
"2004","UK","Population on 1 January - total ","59 793 759"
"2005","UK","Population on 1 January - total ","60 182 050"
"2006","UK","Population on 1 January - total ","60 620 361"
"2007","UK","Population on 1 January - total ","61 073 279"
"2008","UK","Population on 1 January - total ","61 571 647"
"2009","UK","Population on 1 January - total ","62 042 343"
"2010","UK","Population on 1 January - total ","62 510 197"
"2011","UK","Population on 1 January - total ","63 022 532"
"2012","UK","Population on 1 January - total ","63 495 303"
"2013","UK","Population on 1 January - total ","63 905 297"
"2014","UK","Population on 1 January - total ","64 351 155"
"2015","UK","Population on 1 January - total ","64 767 115"
"2016","UK","Population on 1 January - total ","65 341 183"
"2003","EEA31","Population on 1 January - total ","495 566 164"
"2004","EEA31","Population on 1 January - total ","497 458 119"
"2005","EEA31","Population on 1 January - total ","499 532 862"
"2006","EEA31","Population on 1 January - total ","501 411 612"
"2007","EEA31","Population on 1 January - total ","503 324 749"
"2008","EEA31","Population on 1 January - total ","505 385 019"
"2009","EEA31","Population on 1 January - total ","507 244 444"
"2010","EEA31","Population on 1 January - total ","508 382 341"
"2011","EEA31","Population on 1 January - total ","508 239 743"
"2012","EEA31","Population on 1 January - total ","509 402 265"
"2013","EEA31","Population on 1 January - total ","510 576 809"
"2014","EEA31","Population on 1 January - total ","512 414 845"
"2015","EEA31","Population on 1 January - total ","513 826 317"
"2016","EEA31","Population on 1 January - total ","515 640 147"
"2003","EEA30","Population on 1 January - total ","491 260 780"
"2004","EEA30","Population on 1 January - total ","493 152 394"
"2005","EEA30","Population on 1 January - total ","495 222 001"
"2006","EEA30","Population on 1 January - total ","497 099 125"
"2007","EEA30","Population on 1 January - total ","499 011 219"
"2008","EEA30","Population on 1 January - total ","501 073 052"
"2009","EEA30","Population on 1 January - total ","502 934 648"
"2010","EEA30","Population on 1 January - total ","504 079 494"
"2011","EEA30","Population on 1 January - total ","503 949 886"
"2012","EEA30","Population on 1 January - total ","505 126 281"
"2013","EEA30","Population on 1 January - total ","506 314 669"
"2014","EEA30","Population on 1 January - total ","508 168 036"
"2015","EEA30","Population on 1 January - total ","509 601 001"
"2016","EEA30","Population on 1 January - total ","511 449 478"
"2003","EFTA","Population on 1 January - total ","12 188 439"
"2004","EFTA","Population on 1 January - total ","12 266 469"
"2005","EFTA","Population on 1 January - total ","12 349 642"
"2006","EFTA","Population on 1 January - total ","12 434 143"
"2007","EFTA","Population on 1 January - total ","12 532 713"
"2008","EFTA","Population on 1 January - total ","12 681 480"
"2009","EFTA","Population on 1 January - total ","12 856 065"
"2010","EFTA","Population on 1 January - total ","12 997 529"
"2011","EFTA","Population on 1 January - total ","13 145 040"
"2012","EFTA","Population on 1 January - total ","13 296 582"
"2013","EFTA","Population on 1 January - total ","13 449 030"
"2014","EFTA","Population on 1 January - total ","13 610 401"
"2015","EFTA","Population on 1 January - total ","13 770 625"
"2016","EFTA","Population on 1 January - total ","13 909 330"
"2003","IS","Population on 1 January - total ","288 471"
"2004","IS","Population on 1 January - total ","290 570"
"2005","IS","Population on 1 January - total ","293 577"
"2006","IS","Population on 1 January - total ","299 891"
"2007","IS","Population on 1 January - total ","307 672"
"2008","IS","Population on 1 January - total ","315 459"
"2009","IS","Population on 1 January - total ","319 368"
"2010","IS","Population on 1 January - total ","317 630"
"2011","IS","Population on 1 January - total ","318 452"
"2012","IS","Population on 1 January - total ","319 575"
"2013","IS","Population on 1 January - total ","321 857"
"2014","IS","Population on 1 January - total ","325 671"
"2015","IS","Population on 1 January - total ","329 100"
"2016","IS","Population on 1 January - total ","332 529"
"2003","LI","Population on 1 January - total ","33 863"
"2004","LI","Population on 1 January - total ","34 294"
"2005","LI","Population on 1 January - total ","34 600"
"2006","LI","Population on 1 January - total ","34 905"
"2007","LI","Population on 1 January - total ","35 168"
"2008","LI","Population on 1 January - total ","35 356"
"2009","LI","Population on 1 January - total ","35 589"
"2010","LI","Population on 1 January - total ","35 894"
"2011","LI","Population on 1 January - total ","36 149"
"2012","LI","Population on 1 January - total ","36 475"
"2013","LI","Population on 1 January - total ","36 838"
"2014","LI","Population on 1 January - total ","37 129"
"2015","LI","Population on 1 January - total ","37 366"
"2016","LI","Population on 1 January - total ","37 622"
"2003","NO","Population on 1 January - total ","4 552 252"
"2004","NO","Population on 1 January - total ","4 577 457"
"2005","NO","Population on 1 January - total ","4 606 363"
"2006","NO","Population on 1 January - total ","4 640 219"
"2007","NO","Population on 1 January - total ","4 681 134"
"2008","NO","Population on 1 January - total ","4 737 171"
"2009","NO","Population on 1 January - total ","4 799 252"
"2010","NO","Population on 1 January - total ","4 858 199"
"2011","NO","Population on 1 January - total ","4 920 305"
"2012","NO","Population on 1 January - total ","4 985 870"
"2013","NO","Population on 1 January - total ","5 051 275"
"2014","NO","Population on 1 January - total ","5 107 970"
"2015","NO","Population on 1 January - total ","5 166 493"
"2016","NO","Population on 1 January - total ","5 213 985"
"2003","CH","Population on 1 January - total ","7 313 853"
"2004","CH","Population on 1 January - total ","7 364 148"
"2005","CH","Population on 1 January - total ","7 415 102"
"2006","CH","Population on 1 January - total ","7 459 128"
"2007","CH","Population on 1 January - total ","7 508 739"
"2008","CH","Population on 1 January - total ","7 593 494"
"2009","CH","Population on 1 January - total ","7 701 856"
"2010","CH","Population on 1 January - total ","7 785 806"
"2011","CH","Population on 1 January - total ","7 870 134"
"2012","CH","Population on 1 January - total ","7 954 662"
"2013","CH","Population on 1 January - total ","8 039 060"
"2014","CH","Population on 1 January - total ","8 139 631"
"2015","CH","Population on 1 January - total ","8 237 666"
"2016","CH","Population on 1 January - total ","8 325 194"
"2003","ME","Population on 1 January - total ","610 510"
"2004","ME","Population on 1 January - total ","612 214"
"2005","ME","Population on 1 January - total ","613 420"
"2006","ME","Population on 1 January - total ","613 109"
"2007","ME","Population on 1 January - total ","614 624"
"2008","ME","Population on 1 January - total ","615 543"
"2009","ME","Population on 1 January - total ","617 157"
"2010","ME","Population on 1 January - total ","619 001"
"2011","ME","Population on 1 January - total ","619 850"
"2012","ME","Population on 1 January - total ","620 308"
"2013","ME","Population on 1 January - total ","620 893"
"2014","ME","Population on 1 January - total ","621 521"
"2015","ME","Population on 1 January - total ","622 099"
"2016","ME","Population on 1 January - total ","622 218"
"2003","MK","Population on 1 January - total ","2 023 654"
"2004","MK","Population on 1 January - total ","2 029 892"
"2005","MK","Population on 1 January - total ","2 035 196"
"2006","MK","Population on 1 January - total ","2 038 514"
"2007","MK","Population on 1 January - total ","2 041 941"
"2008","MK","Population on 1 January - total ","2 045 177"
"2009","MK","Population on 1 January - total ","2 048 619"
"2010","MK","Population on 1 January - total ","2 052 722"
"2011","MK","Population on 1 January - total ","2 057 284"
"2012","MK","Population on 1 January - total ","2 059 794"
"2013","MK","Population on 1 January - total ","2 062 294"
"2014","MK","Population on 1 January - total ","2 065 769"
"2015","MK","Population on 1 January - total ","2 069 172"
"2016","MK","Population on 1 January - total ","2 071 278"
"2003","AL","Population on 1 January - total ","3 102 781"
"2004","AL","Population on 1 January - total ","3 119 548"
"2005","AL","Population on 1 January - total ","3 134 975"
"2006","AL","Population on 1 January - total ","3 149 143"
"2007","AL","Population on 1 January - total ","3 152 625"
"2008","AL","Population on 1 January - total ","3 170 050"
"2009","AL","Population on 1 January - total ","3 184 701"
"2010","AL","Population on 1 January - total ",":"
"2011","AL","Population on 1 January - total ","2 831 741"
"2012","AL","Population on 1 January - total ",":"
"2013","AL","Population on 1 January - total ","2 898 782"
"2014","AL","Population on 1 January - total ","2 895 947"
"2015","AL","Population on 1 January - total ","2 892 303"
"2016","AL","Population on 1 January - total ","2 886 026"
"2003","RS","Population on 1 January - total ","7 490 918"
"2004","RS","Population on 1 January - total ","7 470 263"
"2005","RS","Population on 1 January - total ","7 456 050"
"2006","RS","Population on 1 January - total ","7 425 487"
"2007","RS","Population on 1 January - total ","7 397 651"
"2008","RS","Population on 1 January - total ","7 365 507"
"2009","RS","Population on 1 January - total ","7 334 937"
"2010","RS","Population on 1 January - total ","7 306 677"
"2011","RS","Population on 1 January - total ","7 251 549"
"2012","RS","Population on 1 January - total ","7 216 649"
"2013","RS","Population on 1 January - total ","7 181 505"
"2014","RS","Population on 1 January - total ","7 146 759"
"2015","RS","Population on 1 January - total ","7 114 393"
"2016","RS","Population on 1 January - total ","7 076 372"
"2003","TR","Population on 1 January - total ","66 401 851"
"2004","TR","Population on 1 January - total ","67 187 251"
"2005","TR","Population on 1 January - total ","68 010 221"
"2006","TR","Population on 1 January - total ","68 860 539"
"2007","TR","Population on 1 January - total ","69 729 967"
"2008","TR","Population on 1 January - total ","70 586 256"
"2009","TR","Population on 1 January - total ","71 517 100"
"2010","TR","Population on 1 January - total ","72 561 312"
"2011","TR","Population on 1 January - total ","73 722 988"
"2012","TR","Population on 1 January - total ","74 724 269"
"2013","TR","Population on 1 January - total ","75 627 384"
"2014","TR","Population on 1 January - total ","76 667 864"
"2015","TR","Population on 1 January - total ","77 695 904"
"2016","TR","Population on 1 January - total ","78 741 053"
"2003","AD","Population on 1 January - total ","67 159"
"2004","AD","Population on 1 January - total ","72 320"
"2005","AD","Population on 1 January - total ","76 875"
"2006","AD","Population on 1 January - total ","78 549"
"2007","AD","Population on 1 January - total ","81 222"
"2008","AD","Population on 1 January - total ","83 137"
"2009","AD","Population on 1 January - total ","84 484"
"2010","AD","Population on 1 January - total ","84 082"
"2011","AD","Population on 1 January - total ","78 115"
"2012","AD","Population on 1 January - total ","78 115"
"2013","AD","Population on 1 January - total ","76 246"
"2014","AD","Population on 1 January - total ",":"
"2015","AD","Population on 1 January - total ",":"
"2016","AD","Population on 1 January - total ",":"
"2003","BY","Population on 1 January - total ","9 898 590"
"2004","BY","Population on 1 January - total ","9 849 062"
"2005","BY","Population on 1 January - total ","9 800 073"
"2006","BY","Population on 1 January - total ","9 750 540"
"2007","BY","Population on 1 January - total ","9 714 461"
"2008","BY","Population on 1 January - total ","9 689 770"
"2009","BY","Population on 1 January - total ","9 671 912"
"2010","BY","Population on 1 January - total ","9 480 178"
"2011","BY","Population on 1 January - total ","9 481 193"
"2012","BY","Population on 1 January - total ","9 465 150"
"2013","BY","Population on 1 January - total ","9 463 840"
"2014","BY","Population on 1 January - total ","9 468 154"
"2015","BY","Population on 1 January - total ","9 480 868"
"2016","BY","Population on 1 January - total ","9 498 364"
"2003","BA","Population on 1 January - total ","3 830 349"
"2004","BA","Population on 1 January - total ","3 837 414"
"2005","BA","Population on 1 January - total ","3 842 532"
"2006","BA","Population on 1 January - total ","3 842 650"
"2007","BA","Population on 1 January - total ","3 844 017"
"2008","BA","Population on 1 January - total ","3 843 846"
"2009","BA","Population on 1 January - total ","3 843 998"
"2010","BA","Population on 1 January - total ","3 844 046"
"2011","BA","Population on 1 January - total ","3 843 183"
"2012","BA","Population on 1 January - total ","3 839 265"
"2013","BA","Population on 1 January - total ","3 835 645"
"2014","BA","Population on 1 January - total ","3 830 911"
"2015","BA","Population on 1 January - total ",":"
"2016","BA","Population on 1 January - total ",":"
"2003","XK","Population on 1 January - total ","1 985 000"
"2004","XK","Population on 1 January - total ","2 016 000"
"2005","XK","Population on 1 January - total ","2 041 000"
"2006","XK","Population on 1 January - total ","2 100 000"
"2007","XK","Population on 1 January - total ","2 126 708"
"2008","XK","Population on 1 January - total ","2 153 139"
"2009","XK","Population on 1 January - total ","2 180 686"
"2010","XK","Population on 1 January - total ","2 208 107"
"2011","XK","Population on 1 January - total ","1 794 180"
"2012","XK","Population on 1 January - total ","1 798 645"
"2013","XK","Population on 1 January - total ","1 815 605"
"2014","XK","Population on 1 January - total ","1 820 631"
"2015","XK","Population on 1 January - total ","1 804 944"
"2016","XK","Population on 1 January - total ","1 771 604"
"2003","MD","Population on 1 January - total ","3 618 312"
"2004","MD","Population on 1 January - total ","3 607 435"
"2005","MD","Population on 1 January - total ","3 600 436"
"2006","MD","Population on 1 January - total ","3 589 936"
"2007","MD","Population on 1 January - total ","3 581 110"
"2008","MD","Population on 1 January - total ","3 572 703"
"2009","MD","Population on 1 January - total ","3 567 512"
"2010","MD","Population on 1 January - total ","3 563 695"
"2011","MD","Population on 1 January - total ","3 560 430"
"2012","MD","Population on 1 January - total ","3 559 541"
"2013","MD","Population on 1 January - total ","3 559 497"
"2014","MD","Population on 1 January - total ","3 557 634"
"2015","MD","Population on 1 January - total ","3 555 159"
"2016","MD","Population on 1 January - total ","3 553 056"
"2003","MC","Population on 1 January - total ",":"
"2004","MC","Population on 1 January - total ","32 828"
"2005","MC","Population on 1 January - total ","33 085"
"2006","MC","Population on 1 January - total ",":"
"2007","MC","Population on 1 January - total ",":"
"2008","MC","Population on 1 January - total ",":"
"2009","MC","Population on 1 January - total ",":"
"2010","MC","Population on 1 January - total ",":"
"2011","MC","Population on 1 January - total ",":"
"2012","MC","Population on 1 January - total ",":"
"2013","MC","Population on 1 January - total ",":"
"2014","MC","Population on 1 January - total ",":"
"2015","MC","Population on 1 January - total ","37 700"
"2016","MC","Population on 1 January - total ","38 400"
"2003","RU","Population on 1 January - total ","145 166 731"
"2004","RU","Population on 1 January - total ","144 168 205"
"2005","RU","Population on 1 January - total ","143 474 219"
"2006","RU","Population on 1 January - total ","142 753 551"
"2007","RU","Population on 1 January - total ","142 220 968"
"2008","RU","Population on 1 January - total ","142 008 838"
"2009","RU","Population on 1 January - total ","141 903 979"
"2010","RU","Population on 1 January - total ","141 914 509"
"2011","RU","Population on 1 January - total ","142 856 536"
"2012","RU","Population on 1 January - total ","143 056 383"
"2013","RU","Population on 1 January - total ",":"
"2014","RU","Population on 1 January - total ","143 666 931"
"2015","RU","Population on 1 January - total ",":"
"2016","RU","Population on 1 January - total ",":"
"2003","SM","Population on 1 January - total ",":"
"2004","SM","Population on 1 January - total ","29 241"
"2005","SM","Population on 1 January - total ","29 673"
"2006","SM","Population on 1 January - total ","29 999"
"2007","SM","Population on 1 January - total ","30 368"
"2008","SM","Population on 1 January - total ","32 054"
"2009","SM","Population on 1 January - total ","31 269"
"2010","SM","Population on 1 January - total ",":"
"2011","SM","Population on 1 January - total ","31 863"
"2012","SM","Population on 1 January - total ","33 376"
"2013","SM","Population on 1 January - total ","33 562"
"2014","SM","Population on 1 January - total ","32 520"
"2015","SM","Population on 1 January - total ","32 789"
"2016","SM","Population on 1 January - total ","33 005"
"2003","UA","Population on 1 January - total ","47 823 108"
"2004","UA","Population on 1 January - total ","47 442 079"
"2005","UA","Population on 1 January - total ","47 100 462"
"2006","UA","Population on 1 January - total ","46 749 170"
"2007","UA","Population on 1 January - total ","46 465 691"
"2008","UA","Population on 1 January - total ","46 192 309"
"2009","UA","Population on 1 January - total ","45 963 359"
"2010","UA","Population on 1 January - total ","45 782 592"
"2011","UA","Population on 1 January - total ","45 598 179"
"2012","UA","Population on 1 January - total ","45 453 282"
"2013","UA","Population on 1 January - total ","45 372 692"
"2014","UA","Population on 1 January - total ","45 245 894"
"2015","UA","Population on 1 January - total ",":"
"2016","UA","Population on 1 January - total ",":"
"2003","AM","Population on 1 January - total ","3 210 300"
"2004","AM","Population on 1 January - total ","3 212 200"
"2005","AM","Population on 1 January - total ","3 215 800"
"2006","AM","Population on 1 January - total ","3 219 234"
"2007","AM","Population on 1 January - total ","3 222 953"
"2008","AM","Population on 1 January - total ","3 230 086"
"2009","AM","Population on 1 January - total ","3 237 976"
"2010","AM","Population on 1 January - total ","3 249 482"
"2011","AM","Population on 1 January - total ","3 262 650"
"2012","AM","Population on 1 January - total ","3 274 285"
"2013","AM","Population on 1 January - total ","3 026 878"
"2014","AM","Population on 1 January - total ",":"
"2015","AM","Population on 1 January - total ",":"
"2016","AM","Population on 1 January - total ","2 998 577"
"2003","AZ","Population on 1 January - total ","8 202 500"
"2004","AZ","Population on 1 January - total ","8 265 700"
"2005","AZ","Population on 1 January - total ","8 347 300"
"2006","AZ","Population on 1 January - total ","8 436 400"
"2007","AZ","Population on 1 January - total ","8 532 700"
"2008","AZ","Population on 1 January - total ","8 629 900"
"2009","AZ","Population on 1 January - total ","8 896 900"
"2010","AZ","Population on 1 January - total ","8 997 586"
"2011","AZ","Population on 1 January - total ","9 111 078"
"2012","AZ","Population on 1 January - total ","9 235 085"
"2013","AZ","Population on 1 January - total ","9 356 483"
"2014","AZ","Population on 1 January - total ","9 477 119"
"2015","AZ","Population on 1 January - total ","9 593 038"
"2016","AZ","Population on 1 January - total ","9 705 643"
"2003","GE","Population on 1 January - total ","4 352 600"
"2004","GE","Population on 1 January - total ","4 315 200"
"2005","GE","Population on 1 January - total ","4 321 500"
"2006","GE","Population on 1 January - total ","4 401 292"
"2007","GE","Population on 1 January - total ","4 394 702"
"2008","GE","Population on 1 January - total ","4 382 070"
"2009","GE","Population on 1 January - total ","4 385 429"
"2010","GE","Population on 1 January - total ","4 436 391"
"2011","GE","Population on 1 January - total ","4 469 250"
"2012","GE","Population on 1 January - total ","4 497 617"
"2013","GE","Population on 1 January - total ",":"
"2014","GE","Population on 1 January - total ","4 490 498"
"2015","GE","Population on 1 January - total ",":"
"2016","GE","Population on 1 January - total ",":"
